City_ID,City,Lat,Lng,Max Temp,Humidity,Cloudiness,Wind Speed,Country,Date
0,Hay River,60.8156,-115.7999,39.18,60,47,11.5,CA,2021-10-03 15:44:01
1,Hay River,60.8156,-115.7999,39.18,60,47,11.5,CA,2021-10-03 15:44:01
2,Mar Del Plata,-38.0023,-57.5575,55.42,54,40,20.0,AR,2021-10-03 15:46:38
3,Katima Mulilo,-17.5,24.2667,88.86,20,83,4.5,NA,2021-10-03 15:46:38
4,Cabo San Lucas,22.8909,-109.9124,85.51,71,98,0.6,MX,2021-10-03 15:46:39
5,Busselton,-33.65,115.3333,47.08,61,98,2.17,AU,2021-10-03 15:46:39
6,Rikitea,-23.1203,-134.9692,73.08,64,6,17.31,PF,2021-10-03 15:46:39
7,Alofi,-19.0595,-169.9187,73.29,94,97,11.5,NU,2021-10-03 15:46:40
8,Marsa Matruh,31.3525,27.2453,77.2,50,20,11.5,EG,2021-10-03 15:46:40
9,Berlevag,70.8578,29.0864,51.8,77,90,33.42,NO,2021-10-03 15:46:40
10,Port Elizabeth,-33.918,25.5701,59.29,63,20,16.11,ZA,2021-10-03 15:46:41
11,Lebu,-37.6167,-73.65,52.83,67,32,21.61,CL,2021-10-03 15:46:41
12,Kysyl-Syr,63.8986,122.7617,27.5,73,16,2.46,RU,2021-10-03 15:46:41
13,Atuona,-9.8,-139.0333,77.14,73,66,18.03,PF,2021-10-03 15:46:42
14,Kearney,40.6995,-99.0815,65.19,36,1,5.68,US,2021-10-03 15:45:02
15,Punta Arenas,-53.15,-70.9167,48.31,57,20,31.07,CL,2021-10-03 15:42:26
16,Kamsack,51.5667,-101.9009,52.25,33,56,11.14,CA,2021-10-03 15:46:42
17,Upernavik,72.7868,-56.1549,33.33,62,100,3.31,GL,2021-10-03 15:46:35
18,Albany,42.6001,-73.9662,66.16,82,100,1.23,US,2021-10-03 15:46:43
19,Vaini,-21.2,-175.2,73.56,88,75,10.36,TO,2021-10-03 15:46:43
20,Beremend,45.7911,18.4326,76.75,41,35,7.52,HU,2021-10-03 15:46:43
21,Fairview,40.8126,-73.999,77.63,56,1,0.0,US,2021-10-03 15:46:44
22,Yumen,40.2833,97.2,45.09,33,98,13.27,CN,2021-10-03 15:46:44
23,Najran,17.4924,44.1277,88.45,29,82,3.15,SA,2021-10-03 15:46:44
24,Cherskiy,68.75,161.3,17.22,97,99,4.29,RU,2021-10-03 15:46:45
25,Puerto Ayora,-0.7393,-90.3518,72.1,78,56,11.03,EC,2021-10-03 15:46:36
26,Khatanga,71.9667,102.5,16.88,95,90,8.97,RU,2021-10-03 15:46:39
27,Hobart,-42.8794,147.3294,54.1,93,90,4.61,AU,2021-10-03 15:42:42
28,Ushuaia,-54.8,-68.3,47.86,53,75,10.36,AR,2021-10-03 15:46:11
29,Bredasdorp,-34.5322,20.0403,60.28,71,61,10.22,ZA,2021-10-03 15:46:46
30,Hithadhoo,-0.6,73.0833,84.07,73,72,14.76,MV,2021-10-03 15:46:46
31,Vao,-22.6667,167.4833,71.49,91,2,4.81,NC,2021-10-03 15:46:46
32,Changli,39.7042,119.1506,65.66,88,100,10.42,CN,2021-10-03 15:46:47
33,Gbarnga,6.9956,-9.4722,79.2,89,89,3.44,LR,2021-10-03 15:46:47
34,Hilo,19.7297,-155.09,71.62,85,90,4.61,US,2021-10-03 15:46:22
35,Kapaa,22.0752,-159.319,75.18,85,90,13.8,US,2021-10-03 15:46:37
36,Saint-Philippe,-21.3585,55.7679,74.79,81,30,16.49,RE,2021-10-03 15:46:47
37,Clyde River,70.4692,-68.5914,39.06,77,90,2.73,CA,2021-10-03 15:46:48
38,Yatou,37.15,122.3833,73.85,91,100,22.44,CN,2021-10-03 15:46:48
39,Avarua,-21.2078,-159.775,73.45,73,99,9.22,CK,2021-10-03 15:46:48
40,Mataura,-46.1927,168.8643,44.47,93,100,5.7,NZ,2021-10-03 15:46:49
41,Waitati,-45.75,170.5667,47.19,95,100,7.72,NZ,2021-10-03 15:46:49
42,Pilar,-9.5972,-35.9567,87.73,50,17,12.41,BR,2021-10-03 15:46:49
43,Kaduna,10.5222,7.4383,88.14,44,20,4.45,NG,2021-10-03 15:46:50
44,Thompson,55.7435,-97.8558,48.36,100,75,0.0,CA,2021-10-03 15:46:50
45,Aginskoye,51.1,114.53,36.18,55,100,3.47,RU,2021-10-03 15:46:51
46,Port Alfred,-33.5906,26.891,59.72,61,43,15.3,ZA,2021-10-03 15:46:51
47,Esperance,-33.8667,121.9,44.44,64,11,6.98,AU,2021-10-03 15:46:33
48,Maryville,35.7565,-83.9705,71.2,96,90,4.61,US,2021-10-03 15:44:25
49,Maumere,-8.6199,122.2111,78.1,81,56,7.76,ID,2021-10-03 15:46:52
50,Gidole,5.65,37.3667,61.5,72,84,2.3,ET,2021-10-03 15:46:52
51,Choix,26.7092,-108.3219,81.52,49,97,0.54,MX,2021-10-03 15:46:52
52,Victoria,22.2855,114.1577,86.32,79,45,4.0,HK,2021-10-03 15:44:24
53,Luderitz,-26.6481,15.1594,65.61,46,0,29.95,NA,2021-10-03 15:46:53
54,Tuktoyaktuk,69.4541,-133.0374,33.8,100,90,19.57,CA,2021-10-03 15:46:53
55,Barrow,71.2906,-156.7887,28.42,80,90,10.36,US,2021-10-03 15:45:01
56,Bilibino,68.0546,166.4372,15.42,98,96,2.66,RU,2021-10-03 15:46:53
57,Dolinsk,47.35,142.8,48.06,97,100,10.74,RU,2021-10-03 15:46:54
58,Lodwar,3.1191,35.5973,93.49,27,7,6.6,KE,2021-10-03 15:46:54
59,Carnarvon,-24.8667,113.6333,64.47,77,0,17.27,AU,2021-10-03 15:46:21
60,Kidal,18.4411,1.4078,99.5,8,22,16.22,ML,2021-10-03 15:46:55
61,San Patricio,28.017,-97.5169,82.87,68,61,5.99,US,2021-10-03 15:46:55
62,Hobyo,5.3505,48.5268,79.45,83,50,21.45,SO,2021-10-03 15:46:55
63,Jamestown,42.097,-79.2353,67.33,98,90,4.0,US,2021-10-03 15:46:16
64,Sitka,57.0531,-135.33,39.09,87,90,5.75,US,2021-10-03 15:46:56
65,The Valley,18.217,-63.0578,88.11,66,40,17.27,AI,2021-10-03 15:46:56
66,Bluff,-46.6,168.3333,44.8,84,100,20.56,NZ,2021-10-03 15:46:56
67,Nabire,-3.3667,135.4833,75.76,91,100,4.07,ID,2021-10-03 15:46:57
68,Udachnyy,66.4167,112.4,29.59,65,100,5.55,RU,2021-10-03 15:46:57
69,Iqaluit,63.7506,-68.5145,37.13,74,75,0.0,CA,2021-10-03 15:46:57
70,Kahului,20.8947,-156.47,77.85,83,75,0.0,US,2021-10-03 15:46:58
71,Constitucion,-35.3333,-72.4167,58.19,48,0,16.84,CL,2021-10-03 15:46:58
72,Lompoc,34.6391,-120.4579,90.12,76,1,0.0,US,2021-10-03 15:46:58
73,Bengkulu,-3.8004,102.2655,76.64,91,89,6.71,ID,2021-10-03 15:46:41
74,Timbo,-26.8233,-49.2717,72.57,92,100,1.28,BR,2021-10-03 15:46:59
75,Bethel,41.3712,-73.414,74.48,74,1,0.0,US,2021-10-03 15:46:51
76,Hermanus,-34.4187,19.2345,60.8,64,55,9.6,ZA,2021-10-03 15:46:59
77,Sawtell,-30.3833,153.1,60.82,85,24,4.61,AU,2021-10-03 15:47:00
78,Bluefield,37.2698,-81.2223,72.63,85,90,3.0,US,2021-10-03 15:47:00
79,Manicore,-5.8092,-61.3003,96.53,38,62,4.16,BR,2021-10-03 15:47:01
80,Caravelas,-17.7125,-39.2481,84.24,60,2,13.44,BR,2021-10-03 15:47:01
81,Chokurdakh,70.6333,147.9167,23.25,96,100,9.91,RU,2021-10-03 15:47:01
82,La Romana,18.4273,-68.9728,73.13,80,100,6.96,DO,2021-10-03 15:45:07
83,Mahebourg,-20.4081,57.7,73.26,94,75,10.36,MU,2021-10-03 15:47:02
84,Contamana,-7.3333,-75.0167,96.44,38,14,4.63,PE,2021-10-03 15:47:02
85,Jaltenango,15.8719,-92.7247,78.93,71,88,3.58,MX,2021-10-03 15:47:03
86,Darovskoy,58.77,47.9564,43.81,89,100,2.55,RU,2021-10-03 15:47:03
87,Hasaki,35.7333,140.8333,63.28,81,0,8.39,JP,2021-10-03 15:47:04
88,Road Town,18.4167,-64.6167,87.89,66,40,11.5,VG,2021-10-03 15:47:04
89,Karratha,-20.7377,116.8463,72.32,59,0,12.41,AU,2021-10-03 15:46:39
90,Antofagasta,-23.65,-70.4,58.28,65,24,11.1,CL,2021-10-03 15:42:15
91,Kaitangata,-46.2817,169.8464,48.92,80,100,12.21,NZ,2021-10-03 15:47:05
92,Laguna,38.421,-121.4238,76.84,61,1,3.44,US,2021-10-03 15:47:05
93,Lincoln,40.8,-96.667,67.98,63,1,1.01,US,2021-10-03 15:42:31
94,Ribeira Grande,38.5167,-28.7,75.6,78,40,12.66,PT,2021-10-03 15:46:18
95,Tasiilaq,65.6145,-37.6368,39.36,53,0,7.36,GL,2021-10-03 15:47:05
96,Castro,-24.7911,-50.0119,63.01,98,100,5.79,BR,2021-10-03 15:47:06
97,Haines Junction,60.7522,-137.5108,31.95,93,100,4.61,CA,2021-10-03 15:47:06
98,Sao Manuel,-22.7311,-48.5706,92.39,31,41,13.09,BR,2021-10-03 15:47:07
99,Tiksi,71.6872,128.8694,25.36,91,80,12.26,RU,2021-10-03 15:46:32
100,Mezen,65.8522,44.24,45.14,94,100,6.15,RU,2021-10-03 15:47:07
101,Catamarca,-28.4696,-65.7852,61.59,41,80,5.86,AR,2021-10-03 15:46:45
102,Flinders,-34.5833,150.8552,64.18,75,81,1.01,AU,2021-10-03 15:47:07
103,Isangel,-19.55,169.2667,77.11,83,19,3.44,VU,2021-10-03 15:46:53
104,Komsomolskiy,40.4272,71.7189,58.42,76,75,0.0,UZ,2021-10-03 15:47:08
105,Barcelos,41.5388,-8.6151,66.85,52,22,10.98,PT,2021-10-03 15:45:10
106,Brae,60.3964,-1.353,51.71,77,65,37.89,GB,2021-10-03 15:47:09
107,Twin Falls,42.3505,-114.6445,51.69,32,1,8.05,US,2021-10-03 15:47:09
108,Mount Gambier,-37.8333,140.7667,48.11,93,75,9.22,AU,2021-10-03 15:47:09
109,Pisco,-13.7,-76.2167,64.02,82,97,6.35,PE,2021-10-03 15:47:10
110,Butaritari,3.0707,172.7902,81.73,69,96,14.76,KI,2021-10-03 15:47:10
111,Tazovskiy,67.4667,78.7,33.42,70,95,10.94,RU,2021-10-03 15:47:10
112,Kavaratti,10.5669,72.642,81.54,79,100,9.91,IN,2021-10-03 15:47:11
113,Pokhara,28.2333,83.9833,68.67,93,58,2.06,NP,2021-10-03 15:46:18
114,New Norfolk,-42.7826,147.0587,53.74,83,70,1.5,AU,2021-10-03 15:47:11
115,Portland,45.5234,-122.6762,57.6,84,40,0.0,US,2021-10-03 15:45:55
116,Cidreira,-30.1811,-50.2056,66.85,84,100,7.45,BR,2021-10-03 15:46:58
117,Along,28.1667,94.7667,71.96,96,98,1.25,IN,2021-10-03 15:47:12
118,Bahia Blanca,-38.7196,-62.2724,62.35,23,1,11.3,AR,2021-10-03 15:47:12
119,Iquique,-20.2208,-70.1431,60.84,63,0,8.1,CL,2021-10-03 15:47:12
120,Virginia Beach,36.8529,-75.978,81.03,66,40,12.66,US,2021-10-03 15:44:01
121,Cape Town,-33.9258,18.4232,61.27,43,20,20.71,ZA,2021-10-03 15:46:21
122,Guisa,20.255,-76.5386,82.71,49,29,4.5,CU,2021-10-03 15:47:13
123,Comodoro Rivadavia,-45.8667,-67.5,57.06,35,40,19.57,AR,2021-10-03 15:47:13
124,Salmo,49.1999,-117.2689,54.07,88,80,3.0,CA,2021-10-03 15:47:14
125,Yellowknife,62.456,-114.3525,47.41,58,40,9.22,CA,2021-10-03 15:47:14
126,Diamantino,-14.4086,-56.4461,99.68,29,71,8.66,BR,2021-10-03 15:47:14
127,Henties Bay,-22.116,14.2845,58.86,79,4,10.07,NA,2021-10-03 15:47:15
128,Plettenberg Bay,-34.0527,23.3716,56.37,66,14,7.74,ZA,2021-10-03 15:47:15
129,Saldanha,-33.0117,17.9442,62.65,69,2,19.1,ZA,2021-10-03 15:47:15
130,Naze,28.3667,129.4833,77.85,61,0,18.21,JP,2021-10-03 15:46:55
131,Kambia,9.1167,-12.9167,87.91,62,80,1.79,SL,2021-10-03 15:47:16
132,Ronneby,56.21,15.276,61.3,82,0,13.8,SE,2021-10-03 15:47:16
133,Grand Gaube,-20.0064,57.6608,73.38,71,7,10.0,MU,2021-10-03 15:47:17
134,Makamba,-4.1348,29.804,69.19,71,99,2.13,BI,2021-10-03 15:47:17
135,Homer,59.6425,-151.5483,38.8,70,75,0.0,US,2021-10-03 15:47:17
136,Namibe,-15.1961,12.1522,65.66,71,6,10.56,AO,2021-10-03 15:46:25
137,Guerrero Negro,27.9769,-114.0611,76.96,61,44,3.33,MX,2021-10-03 15:47:18
138,Ponta Do Sol,32.6667,-17.1,77.72,72,45,2.06,PT,2021-10-03 15:46:32
139,Praia Da Vitoria,38.7333,-27.0667,75.76,88,40,9.01,PT,2021-10-03 15:47:18
140,Parana,-31.732,-60.5238,64.56,35,79,12.03,AR,2021-10-03 15:43:08
141,Hede,33.7681,120.2517,73.04,80,67,14.16,CN,2021-10-03 15:47:19
142,Klaksvik,62.2266,-6.589,50.92,88,100,32.46,FO,2021-10-03 15:47:19
143,Nokaneng,-19.6667,22.2667,87.3,9,0,6.26,BW,2021-10-03 15:47:20
144,Sinnamary,5.3833,-52.95,84.63,71,11,7.85,GF,2021-10-03 15:47:20
145,Japura,-0.3167,102.35,75.85,89,100,0.72,ID,2021-10-03 15:47:20
146,Ulladulla,-35.35,150.4667,63.5,87,54,5.64,AU,2021-10-03 15:47:21
147,Nome,64.5011,-165.4064,24.87,80,1,5.75,US,2021-10-03 15:47:21
148,Mehriz,31.5917,54.4318,75.7,25,0,2.77,IR,2021-10-03 15:47:21
149,East London,-33.0153,27.9116,59.94,72,20,14.97,ZA,2021-10-03 15:46:15
150,Labuhan,-6.8844,112.2051,79.45,70,68,10.22,ID,2021-10-03 15:47:22
151,Anadyr,64.75,177.4833,36.1,93,0,0.0,RU,2021-10-03 15:47:22
152,Ust-Maya,60.4167,134.5333,27.81,92,85,4.54,RU,2021-10-03 15:47:23
153,Dikson,73.5069,80.5464,34.56,98,100,23.33,RU,2021-10-03 15:47:23
154,Novyy Urgal,51.0736,132.5642,30.52,88,13,0.49,RU,2021-10-03 15:47:23
155,Maraba,-5.3686,-49.1178,87.98,66,40,4.61,BR,2021-10-03 15:47:24
156,Jacareacanga,-6.2222,-57.7528,96.4,34,98,5.03,BR,2021-10-03 15:47:24
157,Geraldton,-28.7667,114.6,48.61,93,0,5.75,AU,2021-10-03 15:47:24
158,Mayo,38.8876,-76.5119,83.08,74,43,5.99,US,2021-10-03 15:47:24
159,Norman Wells,65.282,-126.8329,35.64,100,90,14.97,CA,2021-10-03 15:47:25
160,Aasiaat,68.7098,-52.8699,23.61,73,81,8.52,GL,2021-10-03 15:47:25
161,Paris,48.8534,2.3488,60.78,75,0,1.99,FR,2021-10-03 15:46:58
162,Ongandjera,-17.8833,15.0667,88.99,9,0,11.65,NA,2021-10-03 15:47:26
163,Porto Novo,6.4965,2.6036,87.62,69,99,9.31,BJ,2021-10-03 15:47:26
164,Puerto Leguizamo,-0.1934,-74.7819,91.89,47,22,5.06,CO,2021-10-03 15:47:26
165,Kieta,-6.2167,155.6333,78.8,84,40,4.09,PG,2021-10-03 15:47:26
166,Kavieng,-2.5744,150.7967,81.18,74,14,5.32,PG,2021-10-03 15:47:01
167,Mananara,-16.1667,49.7667,70.75,93,39,5.23,MG,2021-10-03 15:47:27
168,Kromy,52.6876,35.7667,48.02,75,10,6.67,RU,2021-10-03 15:47:27
169,Rio Gallegos,-51.6226,-69.2181,55.45,33,40,24.16,AR,2021-10-03 15:47:28
170,Lasa,46.6166,10.7002,61.02,88,95,6.17,IT,2021-10-03 15:47:28
171,Provideniya,64.3833,-173.3,26.53,75,91,1.74,RU,2021-10-03 15:47:21
172,Lata,40.1629,-8.3327,68.36,47,2,13.0,PT,2021-10-03 15:47:28
173,Airai,-8.9266,125.4092,59.74,85,61,0.85,TL,2021-10-03 15:47:29
174,Faanui,-16.4833,-151.75,77.7,75,6,7.76,PF,2021-10-03 15:47:29
175,Mwanza,-2.5167,32.9,71.65,78,75,5.75,TZ,2021-10-03 15:47:30
176,Bambous Virieux,-20.3428,57.7575,73.22,94,75,10.36,MU,2021-10-03 15:47:30
177,Auki,-8.7676,160.7034,76.55,88,31,2.17,SB,2021-10-03 15:47:30
178,Beloha,-25.1667,45.05,74.57,69,13,7.87,MG,2021-10-03 15:47:30
179,Vila Velha,-20.3297,-40.2925,84.15,61,75,18.41,BR,2021-10-03 15:47:31
180,Brigantine,39.4101,-74.3646,78.15,80,1,5.75,US,2021-10-03 15:44:49
181,Mitchell,43.7094,-98.0298,66.11,74,1,3.0,US,2021-10-03 15:47:31
182,Ambon,-3.6954,128.1814,75.34,94,40,8.05,ID,2021-10-03 15:47:32
183,Paracuru,-3.41,-39.0306,87.82,58,18,17.98,BR,2021-10-03 15:47:32
184,Lumberton,34.6182,-79.0086,82.9,48,75,6.08,US,2021-10-03 15:47:32
185,Westport,41.1415,-73.3579,76.98,71,1,1.01,US,2021-10-03 15:44:28
186,Matara,5.9485,80.5353,79.16,86,12,8.21,LK,2021-10-03 15:47:33
187,Pingdingshan,33.7385,113.3012,80.91,74,87,0.78,CN,2021-10-03 15:47:33
188,Vestmannaeyjar,63.4427,-20.2734,54.59,47,0,3.44,IS,2021-10-03 15:47:33
189,Bereda,43.2686,-7.5406,62.42,63,58,5.61,ES,2021-10-03 15:47:34
190,Horta,38.5333,-28.6333,74.84,78,40,12.66,PT,2021-10-03 15:47:34
191,Olafsvik,64.8945,-23.7142,41.61,90,100,29.51,IS,2021-10-03 15:47:34
192,Souillac,-20.5167,57.5167,73.36,94,75,10.36,MU,2021-10-03 15:47:35
193,Pangoa,-12.1167,-73.0,78.15,83,75,1.92,PE,2021-10-03 15:47:35
194,Picota,-6.9197,-76.3304,91.89,54,79,0.27,PE,2021-10-03 15:47:35
195,Saskylakh,71.9167,114.0833,12.45,95,57,6.73,RU,2021-10-03 15:47:36
196,La Rioja,42.25,-2.5,53.49,89,100,4.81,ES,2021-10-03 15:47:36
197,Tutoia,-2.7619,-42.2744,89.58,61,90,16.33,BR,2021-10-03 15:47:37
198,Ranir Bazar,23.8333,91.3667,75.7,98,93,4.97,IN,2021-10-03 15:47:37
199,Arraial Do Cabo,-22.9661,-42.0278,80.56,88,75,14.97,BR,2021-10-03 15:47:37
200,Kruisfontein,-34.0033,24.7314,56.88,63,30,14.14,ZA,2021-10-03 15:47:38
201,Santiago Del Estero,-27.7951,-64.2615,52.5,58,100,7.96,AR,2021-10-03 15:47:38
202,Torbay,47.6666,-52.7314,61.88,72,75,4.61,CA,2021-10-03 15:47:38
203,Sur,22.5667,59.5289,84.2,75,100,19.33,OM,2021-10-03 15:47:39
204,Talnakh,69.4865,88.3972,15.06,96,68,1.59,RU,2021-10-03 15:47:39
205,Weihe,32.9952,105.3247,53.38,94,100,6.89,CN,2021-10-03 15:47:39
206,Cap Malheureux,-19.9842,57.6142,73.47,71,6,10.0,MU,2021-10-03 15:47:40
207,Kodiak,57.79,-152.4072,38.71,60,75,11.5,US,2021-10-03 15:44:43
208,Chokwe,-24.5333,32.9833,67.5,79,100,16.75,MZ,2021-10-03 15:47:40
209,Port Hardy,50.6996,-127.4199,48.2,78,18,1.28,CA,2021-10-03 15:47:40
210,Seybaplaya,19.65,-90.6667,85.8,57,56,4.21,MX,2021-10-03 15:47:41
211,North Platte,41.1239,-100.7654,53.49,58,1,3.0,US,2021-10-03 15:47:41
212,Nhulunbuy,-12.2333,136.7667,77.61,88,100,5.75,AU,2021-10-03 15:47:41
213,Matay,28.419,30.7792,82.04,31,0,11.7,EG,2021-10-03 15:47:42
214,Boa Vista,2.8197,-60.6733,89.58,55,40,10.36,BR,2021-10-03 15:47:42
215,Kolo,52.2002,18.6387,67.98,54,77,10.16,PL,2021-10-03 15:47:42
216,Omsukchan,62.5333,155.8,26.96,94,100,11.3,RU,2021-10-03 15:47:43
217,Roebourne,-20.7833,117.1333,71.96,53,0,10.67,AU,2021-10-03 15:47:43
218,Mandalgovi,45.7625,106.2708,35.31,55,25,3.87,MN,2021-10-03 15:47:44
219,Inhambane,-23.865,35.3833,77.0,94,75,20.0,MZ,2021-10-03 15:47:44
220,Tucson,32.2217,-110.9265,83.43,40,1,1.99,US,2021-10-03 15:46:47
221,Pevek,69.7008,170.3133,22.59,90,99,9.78,RU,2021-10-03 15:47:44
222,Ituiutaba,-18.9689,-49.465,97.45,27,4,10.92,BR,2021-10-03 15:47:45
223,Uvat,59.1433,68.8953,30.61,92,90,8.66,RU,2021-10-03 15:47:45
224,Fortuna,40.5982,-124.1573,52.14,100,90,0.0,US,2021-10-03 15:47:45
225,Batagay-Alyta,67.8006,130.4114,21.38,83,93,2.13,RU,2021-10-03 15:47:46
226,Fallon,39.4735,-118.7774,46.27,27,1,0.0,US,2021-10-03 15:47:46
227,Antalaha,-14.9003,50.2788,72.23,87,13,7.43,MG,2021-10-03 15:47:47
228,Lavrentiya,65.5833,-171.0,23.95,75,88,3.89,RU,2021-10-03 15:47:47
229,Dingle,10.9995,122.6711,76.21,94,100,5.68,PH,2021-10-03 15:47:47
230,Georgetown,5.4112,100.3354,84.88,85,20,1.99,MY,2021-10-03 15:47:48
231,Talavera De La Reina,39.9635,-4.8308,64.54,59,85,6.85,ES,2021-10-03 15:47:48
232,Le Port,-20.9373,55.2919,75.2,76,23,6.85,RE,2021-10-03 15:47:48
233,Uruzgan,32.8333,66.0,64.44,26,0,3.78,AF,2021-10-03 15:47:49
234,Iguguno,-4.5697,34.6275,83.17,26,98,7.31,TZ,2021-10-03 15:47:49
235,Launceston,-41.45,147.1667,55.04,94,90,8.05,AU,2021-10-03 15:47:49
236,Vardo,70.3705,31.1107,50.2,76,0,27.63,NO,2021-10-03 15:47:50
237,Nouadhibou,20.931,-17.0347,76.98,73,4,19.57,MR,2021-10-03 15:47:50
238,Teya,60.3778,92.6267,33.37,98,99,3.6,RU,2021-10-03 15:47:50
239,Nyaunglebin,17.95,96.7333,75.34,95,34,3.91,MM,2021-10-03 15:47:51
240,Havoysund,70.9963,24.6622,52.68,75,100,26.02,NO,2021-10-03 15:47:51
241,Angarsk,52.5367,103.8864,34.52,83,99,3.02,RU,2021-10-03 15:47:51
242,Palmares Do Sul,-30.2578,-50.5097,65.14,90,100,8.68,BR,2021-10-03 15:47:52
243,Longyearbyen,78.2186,15.6401,39.04,87,75,8.05,SJ,2021-10-03 15:47:52
244,Ekibastuz,51.6667,75.3667,42.31,68,100,4.03,KZ,2021-10-03 15:47:52
245,Uvinza,-5.1036,30.3911,76.17,63,97,6.29,TZ,2021-10-03 15:47:53
246,Alice Springs,-23.7,133.8833,60.35,36,0,0.0,AU,2021-10-03 15:47:53
247,Sarab,38.6066,44.9883,64.92,42,9,3.42,IR,2021-10-03 15:47:53
248,Nalut,30.3333,10.85,87.24,20,0,7.31,LY,2021-10-03 15:47:54
249,Kalabagh,32.965,71.557,90.81,44,0,6.17,PK,2021-10-03 15:47:54
250,Lerwick,60.1545,-1.1494,51.8,78,43,41.54,GB,2021-10-03 15:47:54
251,Tarakan,3.3,117.6333,79.57,82,94,3.91,ID,2021-10-03 15:45:18
252,Broken Hill,-31.95,141.4333,55.11,47,0,10.36,AU,2021-10-03 15:47:55
253,Atambua,-9.1061,124.8925,73.11,84,71,2.93,ID,2021-10-03 15:46:13
254,Verkhnevilyuysk,63.4453,120.3167,27.95,76,32,3.04,RU,2021-10-03 15:47:55
255,Narsaq,60.9167,-46.05,46.62,45,1,3.78,GL,2021-10-03 15:47:56
256,Wawa,9.9022,4.4192,87.49,62,27,3.67,NG,2021-10-03 15:47:56
257,Paita,-5.0892,-81.1144,70.36,69,34,12.53,PE,2021-10-03 15:47:56
258,Impfondo,1.6381,18.0667,79.11,76,85,4.94,CG,2021-10-03 15:47:57
259,Springbok,-29.6643,17.8865,63.43,16,0,11.45,ZA,2021-10-03 15:47:57
260,Turukhansk,65.8167,87.9833,30.47,98,96,4.14,RU,2021-10-03 15:47:57
261,Ostrovnoy,68.0531,39.5131,47.01,82,55,18.03,RU,2021-10-03 15:47:58
262,Vostok,46.4856,135.8833,46.36,94,50,5.84,RU,2021-10-03 15:47:58
263,San Jose,37.3394,-121.895,79.92,38,20,0.0,US,2021-10-03 15:45:13
264,Victor Harbor,-35.5667,138.6167,57.79,84,17,21.9,AU,2021-10-03 15:46:57
265,Jinchang,38.4953,102.1739,51.75,35,95,4.7,CN,2021-10-03 15:47:59
266,Krotovka,53.2858,51.1686,48.67,78,100,4.43,RU,2021-10-03 15:47:59
267,Avera,33.194,-82.5271,81.45,49,72,2.95,US,2021-10-03 15:47:14
268,Severo-Kurilsk,50.6789,156.125,47.73,84,71,42.9,RU,2021-10-03 15:48:00
269,Birin,26.8865,88.0718,60.49,86,89,6.06,NP,2021-10-03 15:48:00
270,Adrar,20.5022,-10.0711,102.29,8,9,3.71,MR,2021-10-03 15:48:00
271,Doka,13.5167,35.7667,80.11,68,91,5.79,SD,2021-10-03 15:48:01
272,Jinhua,29.1078,119.6547,68.52,81,0,4.92,CN,2021-10-03 15:48:01
273,Besikduzu,41.052,39.2284,62.49,92,99,7.23,TR,2021-10-03 15:48:02
274,Talkha,31.0539,31.3779,72.82,61,0,10.27,EG,2021-10-03 15:48:02
275,Lagoa,39.05,-27.9833,71.04,89,100,10.94,PT,2021-10-03 15:48:02
276,Yenagoa,4.9247,6.2642,79.81,84,100,6.53,NG,2021-10-03 15:48:03
277,Yuki,36.3,139.8833,75.58,80,25,1.1,JP,2021-10-03 15:48:03
278,Hambantota,6.1241,81.1185,80.94,94,20,8.05,LK,2021-10-03 15:48:03
279,Salalah,17.0151,54.0924,82.49,83,75,11.5,OM,2021-10-03 15:48:04
280,Chipinge,-20.1883,32.6236,67.19,77,84,1.5,ZW,2021-10-03 15:48:04
281,Padang,-0.9492,100.3543,78.85,87,98,2.64,ID,2021-10-03 15:48:04
282,Qaqortoq,60.7167,-46.0333,46.9,48,2,6.87,GL,2021-10-03 15:48:05
283,George,-33.963,22.4617,56.75,62,40,13.8,ZA,2021-10-03 15:48:05
284,Tari,12.4086,4.4914,96.19,30,8,4.68,NG,2021-10-03 15:48:05
285,Suamico,44.6319,-88.0393,67.01,94,75,4.61,US,2021-10-03 15:48:06
286,Chabahar,25.2919,60.643,82.72,81,91,9.55,IR,2021-10-03 15:48:06
287,Emerald,-23.5333,148.1667,69.94,60,0,3.44,AU,2021-10-03 15:48:06
288,Deer Lake,49.1667,-57.4316,51.66,82,75,4.61,CA,2021-10-03 15:45:29
289,Tromso,69.6496,18.957,56.05,54,40,3.0,NO,2021-10-03 15:48:07
290,Port-Cartier,50.0334,-66.8654,52.02,78,100,5.19,CA,2021-10-03 15:48:07
291,Solnechnyy,50.7214,136.6319,36.03,74,59,4.88,RU,2021-10-03 15:48:08
292,Katsuura,35.1333,140.3,70.11,80,1,6.06,JP,2021-10-03 15:48:08
293,Itarantim,-15.6597,-40.0656,92.79,28,4,8.81,BR,2021-10-03 15:48:08
294,Buchanan,5.8808,-10.0467,87.76,74,68,7.23,LR,2021-10-03 15:48:09
295,Sao Filipe,14.8961,-24.4956,80.24,77,57,6.38,CV,2021-10-03 15:48:09
296,Kusa,55.3383,59.4406,33.04,79,100,4.59,RU,2021-10-03 15:48:09
297,Mbini,1.574,9.6134,79.23,82,90,8.55,GQ,2021-10-03 15:48:10
298,Anupgarh,29.1911,73.2086,94.03,36,51,11.07,IN,2021-10-03 15:48:10
299,Coquimbo,-29.9533,-71.3436,60.53,67,0,11.5,CL,2021-10-03 15:46:19
300,Touros,-5.1989,-35.4608,88.7,61,39,19.26,BR,2021-10-03 15:46:58
301,Khrebtovaya,56.7032,104.2494,31.23,90,100,2.68,RU,2021-10-03 15:48:11
302,Truro,50.2653,-5.0544,60.57,72,40,21.85,GB,2021-10-03 15:48:11
303,Nicoya,10.1483,-85.452,81.95,70,54,4.7,CR,2021-10-03 15:48:11
304,Semporna,4.4818,118.6112,77.2,81,100,0.63,MY,2021-10-03 15:48:12
305,Kingaroy,-26.5333,151.8333,51.84,87,0,1.14,AU,2021-10-03 15:48:12
306,Katobu,-4.9408,122.5276,74.52,91,11,1.39,ID,2021-10-03 15:48:12
307,Port Lincoln,-34.7333,135.8667,53.42,64,5,25.26,AU,2021-10-03 15:48:13
308,Moree,-29.4667,149.85,62.62,59,3,12.66,AU,2021-10-03 15:48:13
309,Provost,52.3501,-110.2683,52.25,29,73,5.91,CA,2021-10-03 15:48:13
310,Arandis,-22.4167,14.9667,52.47,44,0,9.82,NA,2021-10-03 15:48:14
311,Puerto Ayacucho,5.6639,-67.6236,89.53,59,76,1.54,VE,2021-10-03 15:48:14
312,Dengfeng,34.4553,113.0281,73.27,93,99,3.38,CN,2021-10-03 15:48:14
313,Suhut,38.5311,30.5458,58.28,40,0,8.61,TR,2021-10-03 15:48:15
314,Tiarei,-17.5333,-149.3333,73.42,75,3,9.13,PF,2021-10-03 15:48:15
315,Halifax,44.6453,-63.5724,59.68,64,27,2.3,CA,2021-10-03 15:44:27
316,Stephenville,32.2207,-98.2023,78.89,70,1,8.05,US,2021-10-03 15:45:29
317,Beringovskiy,63.05,179.3167,37.99,99,100,1.12,RU,2021-10-03 15:48:16
318,Mackay,-21.15,149.2,75.18,88,75,8.05,AU,2021-10-03 15:45:31
319,Nikolskoye,59.7035,30.7861,53.87,79,2,6.82,RU,2021-10-03 15:48:16
320,Katherine,-14.4667,132.2667,86.32,58,95,8.05,AU,2021-10-03 15:48:16
321,Makakilo City,21.3469,-158.0858,75.52,81,1,4.61,US,2021-10-03 15:48:17
322,Lazaro Cardenas,17.9583,-102.2,83.26,67,81,2.59,MX,2021-10-03 15:48:17
323,Sillod,20.3,75.65,78.4,80,99,2.84,IN,2021-10-03 15:48:17
324,Aklavik,68.2191,-135.0107,34.63,100,90,14.97,CA,2021-10-03 15:47:19
325,Hami,42.8,93.45,52.0,31,22,4.76,CN,2021-10-03 15:48:18
326,Kovernino,57.1253,43.8142,44.73,82,100,2.3,RU,2021-10-03 15:48:18
327,Libertador General San Martin,-23.8064,-64.7876,63.12,77,100,2.73,AR,2021-10-03 15:48:18
328,Blagoyevo,63.3667,47.9167,42.78,86,100,3.09,RU,2021-10-03 15:48:19
329,Maxixe,-23.8597,35.3472,76.84,94,75,20.0,MZ,2021-10-03 15:48:19
330,Rossland,49.0831,-117.8022,48.9,71,100,1.07,CA,2021-10-03 15:48:19
331,Timizart,36.8,4.2667,78.37,53,1,7.29,DZ,2021-10-03 15:48:20
332,Fairbanks,64.8378,-147.7164,34.61,96,90,5.75,US,2021-10-03 15:48:20
333,Chiradzulu,-15.6746,35.1407,81.63,28,62,5.61,MW,2021-10-03 15:48:20
334,Bandarbeyla,9.4942,50.8122,79.36,82,43,22.57,SO,2021-10-03 15:48:21
335,Deputatskiy,69.3,139.9,16.7,93,89,3.8,RU,2021-10-03 15:48:21
336,Priargunsk,50.3691,119.1012,37.27,56,90,3.67,RU,2021-10-03 15:48:21
337,Shiyan,32.6475,110.7781,78.4,84,56,1.43,CN,2021-10-03 15:48:22
338,Vanavara,60.34,102.2797,34.61,89,100,4.14,RU,2021-10-03 15:48:22
339,Maksatikha,57.797,35.8825,42.8,78,96,4.21,RU,2021-10-03 15:48:23
340,Eregli,37.5133,34.0467,61.18,44,0,7.43,TR,2021-10-03 15:48:23
341,Rosarito,32.3333,-117.0333,86.31,40,74,1.25,MX,2021-10-03 15:48:23
342,Waddan,29.1614,16.139,86.81,24,0,5.55,LY,2021-10-03 15:48:24
343,Ust-Nera,64.5667,143.2,24.03,91,31,3.06,RU,2021-10-03 15:48:24
344,Iralaya,15.0,-83.2333,86.09,78,14,8.23,HN,2021-10-03 15:48:24
345,Miri,4.4148,114.0089,77.14,94,40,3.44,MY,2021-10-03 15:48:25
346,Yekaterinoslavka,50.3734,129.1139,33.91,77,0,6.85,RU,2021-10-03 15:48:25
347,Nemuro,43.3236,145.575,60.78,79,30,28.43,JP,2021-10-03 15:48:25
348,San Ramon,37.7799,-121.978,75.96,48,1,0.0,US,2021-10-03 15:47:44
349,Sao Joao Da Barra,-21.6403,-41.0511,84.29,76,39,10.89,BR,2021-10-03 15:48:26
350,Qaanaaq,77.484,-69.3632,31.89,97,100,10.04,GL,2021-10-03 15:48:26
351,Uvalde,29.3669,-99.767,84.18,46,1,0.0,US,2021-10-03 15:48:26
352,Seymchan,62.8833,152.4333,28.08,77,100,12.28,RU,2021-10-03 15:48:27
353,Chuy,-33.6971,-53.4616,62.47,63,99,12.21,UY,2021-10-03 15:48:27
354,Punta Alta,-38.8759,-62.0736,60.08,29,1,10.2,AR,2021-10-03 15:48:28
355,San Cristobal,7.7669,-72.225,82.58,55,96,6.31,VE,2021-10-03 15:48:28
356,Maicao,11.3832,-72.2432,88.79,58,67,15.77,CO,2021-10-03 15:48:28
357,Port Keats,-14.25,129.55,79.43,84,100,9.46,AU,2021-10-03 15:48:28
358,Stornoway,58.2093,-6.3865,53.92,87,75,12.66,GB,2021-10-03 15:48:29
359,Preobrazheniye,42.9019,133.9064,63.5,93,100,7.43,RU,2021-10-03 15:48:29
360,Menongue,-14.6585,17.691,90.72,9,7,5.75,AO,2021-10-03 15:48:29
361,Mikhaylovskoye,51.8239,79.7172,40.37,49,100,4.25,RU,2021-10-03 15:48:30
362,Chapais,49.7834,-74.8492,53.38,60,10,5.41,CA,2021-10-03 15:47:47
363,Nagato,34.3833,131.2,73.31,79,3,14.23,JP,2021-10-03 15:48:30
364,Yanji,42.9075,129.5078,61.32,86,100,3.4,CN,2021-10-03 15:48:31
365,Basoko,1.2391,23.616,78.35,70,72,1.72,CD,2021-10-03 15:48:31
366,Flin Flon,54.7682,-101.865,58.03,41,68,8.86,CA,2021-10-03 15:48:31
367,Houma,29.5958,-90.7195,86.0,82,100,5.06,US,2021-10-03 15:48:32
368,San Andres,12.5847,-81.7006,80.62,89,75,10.36,CO,2021-10-03 15:47:15
369,Langres,47.8333,5.3333,56.25,94,100,9.13,FR,2021-10-03 15:48:32
370,La Primavera,5.4906,-70.4092,88.59,59,82,9.73,CO,2021-10-03 15:48:33
371,Jipijapa,-1.3333,-80.5833,69.3,58,65,6.13,EC,2021-10-03 15:48:33
372,Tadine,-21.55,167.8833,72.75,94,66,5.91,NC,2021-10-03 15:48:33
373,Shangqiu,34.45,115.65,75.07,88,97,3.31,CN,2021-10-03 15:48:34
374,Hofn,64.2539,-15.2082,48.22,81,90,8.05,IS,2021-10-03 15:48:34
375,Codrington,-38.2667,141.9667,48.83,91,73,16.24,AU,2021-10-03 15:48:34
376,Mujiayingzi,42.1167,118.7833,51.04,62,91,7.81,CN,2021-10-03 15:48:35
377,Vila Praia De Ancora,41.811,-8.8526,66.49,59,1,10.56,PT,2021-10-03 15:48:35
378,Jining,35.405,116.5814,72.81,92,100,2.08,CN,2021-10-03 15:48:35
379,Iquitos,-3.7481,-73.2472,94.93,45,50,3.36,PE,2021-10-03 15:48:36
380,Nanortalik,60.1432,-45.2371,41.74,69,0,5.39,GL,2021-10-03 15:46:28
381,Axim,4.8699,-2.2405,81.46,75,94,10.51,GH,2021-10-03 15:48:36
382,Svetlaya,46.5389,138.3297,54.28,81,38,9.31,RU,2021-10-03 15:48:32
383,Sakakah,29.9697,40.2064,94.57,21,0,14.65,SA,2021-10-03 15:48:36
384,Clovis,36.8252,-119.7029,62.49,45,1,6.91,US,2021-10-03 15:48:01
385,Cristalina,-16.7686,-47.6136,85.46,31,46,6.02,BR,2021-10-03 15:48:37
386,Goderich,43.7501,-81.7165,67.21,98,100,5.03,CA,2021-10-03 15:48:37
387,Poquoson,37.1224,-76.3458,80.64,72,20,1.99,US,2021-10-03 15:46:50
388,Bangolo,7.0069,-7.475,85.06,59,81,4.9,CI,2021-10-03 15:48:38
389,Veraval,20.9,70.3667,81.37,84,66,9.66,IN,2021-10-03 15:48:38
390,Guilin,25.2819,110.2864,75.31,69,7,0.69,CN,2021-10-03 15:45:55
391,Salym,60.0625,71.4789,31.48,93,96,8.28,RU,2021-10-03 15:48:38
392,Champerico,14.3,-91.9167,91.35,76,32,5.3,GT,2021-10-03 15:47:51
393,Evensk,61.95,159.2333,41.52,61,100,20.96,RU,2021-10-03 15:48:39
394,Lander,42.833,-108.7307,59.97,27,1,3.44,US,2021-10-03 15:48:39
395,Dieppe,49.75,1.1667,61.32,67,75,15.95,FR,2021-10-03 15:48:40
396,Dutlwe,-23.9833,23.9,73.92,8,0,9.37,BW,2021-10-03 15:48:40
397,Ust-Kuyga,70.0167,135.6,22.39,97,100,3.85,RU,2021-10-03 15:46:24
398,Coahuayana,18.7333,-103.6833,85.95,64,68,1.54,MX,2021-10-03 15:48:40
399,A Coruna,43.3713,-8.396,66.65,63,20,8.01,ES,2021-10-03 15:48:41
400,Kununurra,-15.7667,128.7333,76.98,69,39,1.14,AU,2021-10-03 15:47:10
401,Erenhot,43.6475,111.9767,46.67,38,24,7.72,CN,2021-10-03 15:48:03
402,Callaway,30.153,-85.5699,74.17,95,40,1.01,US,2021-10-03 15:48:42
403,Taltal,-25.4,-70.4833,64.74,62,2,9.51,CL,2021-10-03 15:48:42
404,Los Llanos De Aridane,28.6585,-17.9182,73.15,69,40,13.8,ES,2021-10-03 15:46:39
405,Chapleau,47.8405,-83.4034,53.69,100,90,8.05,CA,2021-10-03 15:48:42
406,Ewa Beach,21.3156,-158.0072,76.95,81,1,4.61,US,2021-10-03 15:48:43
407,Romhany,47.9262,19.2572,69.62,48,89,7.63,HU,2021-10-03 15:48:43
408,Grindavik,63.8424,-22.4338,46.87,76,40,24.16,IS,2021-10-03 15:48:43
409,Cape Girardeau,37.3834,-89.7168,73.2,73,12,9.26,US,2021-10-03 15:48:18
410,Igurusi,-8.85,33.85,79.23,40,51,3.18,TZ,2021-10-03 15:48:44
411,Husavik,66.0449,-17.3389,46.31,91,99,13.18,IS,2021-10-03 15:48:44
412,Ambilobe,-13.2,49.05,74.43,70,13,0.11,MG,2021-10-03 15:47:34
413,Chickasha,35.0526,-97.9364,73.29,78,1,6.91,US,2021-10-03 15:48:45
414,La Ronge,55.1001,-105.2842,52.05,54,40,4.61,CA,2021-10-03 15:46:37
415,Wicklow,53.0,-6.4167,52.05,77,83,13.38,IE,2021-10-03 15:48:45
416,Chateaubelair,13.2833,-61.25,86.61,66,75,9.22,VC,2021-10-03 15:48:45
417,Sosnovo-Ozerskoye,52.5249,111.5418,30.16,83,62,5.39,RU,2021-10-03 15:48:46
418,Ojinaga,29.5667,-104.4167,78.42,50,1,9.22,MX,2021-10-03 15:48:46
419,Loano,44.133,8.2513,75.38,79,75,3.0,IT,2021-10-03 15:48:46
420,Paredon,16.0333,-93.8667,87.46,61,95,5.5,MX,2021-10-03 15:48:47
421,Kyabram,-36.3167,145.05,50.88,95,94,10.56,AU,2021-10-03 15:48:47
422,Vestmanna,62.1564,-7.1664,49.12,87,75,27.63,FO,2021-10-03 15:48:47
423,Ahipara,-35.1667,173.1667,61.39,96,100,12.77,NZ,2021-10-03 15:48:48
424,Sadiqabad,28.3062,70.1307,94.5,36,9,11.74,PK,2021-10-03 15:48:48
425,Sibolga,1.7427,98.7792,77.88,80,92,4.07,ID,2021-10-03 15:48:40
426,Pemangkat,1.1667,108.9667,79.03,79,100,1.72,ID,2021-10-03 15:48:48
427,Erzin,36.9559,36.2,81.12,64,0,8.12,TR,2021-10-03 15:48:49
428,Umm Kaddadah,13.6017,26.6876,94.12,16,72,11.05,SD,2021-10-03 15:48:49
429,Vanimo,-2.6741,141.3028,77.32,86,84,3.04,PG,2021-10-03 15:48:49
430,Mehamn,71.0357,27.8492,51.75,62,20,23.02,NO,2021-10-03 15:48:50
431,Camana,-16.6228,-72.7111,63.81,78,91,10.27,PE,2021-10-03 15:48:50
432,Leningradskiy,69.3833,178.4167,15.89,83,81,4.38,RU,2021-10-03 15:48:50
433,Yar-Sale,66.8333,70.8333,31.6,74,96,6.55,RU,2021-10-03 15:48:51
434,Ciudad Bolivar,8.1222,-63.5497,90.23,49,97,10.2,VE,2021-10-03 15:48:51
435,Havre-Saint-Pierre,50.2334,-63.5986,53.96,62,40,8.05,CA,2021-10-03 15:48:51
436,Minot,48.2325,-101.2963,66.79,40,1,20.0,US,2021-10-03 15:48:52
437,Eirunepe,-6.6603,-69.8736,96.76,39,10,3.09,BR,2021-10-03 15:48:52
438,Quatre Cocos,-20.2078,57.7625,73.09,79,20,17.81,MU,2021-10-03 15:48:52
439,Kalevala,65.2,31.1667,45.88,84,7,6.82,RU,2021-10-03 15:48:53
440,Srednekolymsk,67.45,153.6833,22.41,96,99,2.33,RU,2021-10-03 15:48:53
441,Cabinda,-5.55,12.2,80.74,74,75,9.22,AO,2021-10-03 15:48:53
442,Yulara,-25.2406,130.9889,60.64,33,0,8.05,AU,2021-10-03 15:47:48
443,Rocha,-34.4833,-54.3333,59.74,53,95,14.65,UY,2021-10-03 15:48:54
444,Mapiripan,2.8892,-72.1256,88.2,60,78,7.43,CO,2021-10-03 15:48:54
445,Rivadavia,-33.1905,-68.4608,59.47,14,0,5.39,AR,2021-10-03 15:48:55
446,Lorengau,-2.0226,147.2712,79.27,80,3,3.27,PG,2021-10-03 15:48:29
447,Eyl,7.9803,49.8164,79.03,82,74,22.12,SO,2021-10-03 15:47:47
448,Mareeba,-17.0,145.4333,68.72,95,71,1.36,AU,2021-10-03 15:48:55
449,Carauari,-4.8828,-66.8958,95.54,42,46,3.89,BR,2021-10-03 15:47:58
450,Morant Bay,17.8815,-76.4093,87.62,68,9,12.73,JM,2021-10-03 15:48:55
451,Elizabeth City,36.2946,-76.2511,80.65,67,1,10.0,US,2021-10-03 15:48:09
452,Nyurba,63.2842,118.3319,28.47,78,67,4.27,RU,2021-10-03 15:48:56
453,Nalus,6.0122,124.5853,77.47,89,100,2.42,PH,2021-10-03 15:48:56
454,Kualakapuas,-3.0091,114.3876,77.16,94,93,2.53,ID,2021-10-03 15:48:57
455,Port Augusta,-32.5,137.7667,57.34,70,0,7.63,AU,2021-10-03 15:48:57
456,Timra,62.487,17.3257,51.51,96,90,19.57,SE,2021-10-03 15:48:57
457,Safford,32.834,-109.7076,73.94,45,1,12.66,US,2021-10-03 15:48:57
458,Diego De Almagro,-26.3667,-70.05,75.07,13,0,9.4,CL,2021-10-03 15:48:58
459,Griffith,41.5284,-87.4237,74.05,90,90,1.99,US,2021-10-03 15:48:58
460,Ilulissat,69.2167,-51.1,28.42,59,79,6.91,GL,2021-10-03 15:48:59
461,Half Moon Bay,37.4636,-122.4286,78.62,64,1,0.0,US,2021-10-03 15:45:30
462,Kathmandu,27.7167,85.3167,70.02,88,75,5.75,NP,2021-10-03 15:48:59
463,Christchurch,-43.5333,172.6333,53.91,85,90,1.99,NZ,2021-10-03 15:45:30
464,Ulaangom,49.9811,92.0667,35.2,62,17,3.76,MN,2021-10-03 15:48:59
465,Buala,-8.145,159.5921,78.93,84,31,3.38,SB,2021-10-03 15:49:00
466,Troitskoye,52.9821,84.6757,34.7,85,100,6.49,RU,2021-10-03 15:49:00
467,Moron,-34.6534,-58.6198,60.03,36,0,8.01,AR,2021-10-03 15:49:01
468,Luganville,-15.5333,167.1667,76.87,89,28,5.84,VU,2021-10-03 15:49:01
469,Xuddur,4.1213,43.8894,86.85,38,97,8.21,SO,2021-10-03 15:49:01
470,Praia,14.9215,-23.5087,90.14,51,20,11.5,CV,2021-10-03 15:49:02
471,Fomboni,-12.28,43.7425,76.69,81,11,13.04,KM,2021-10-03 15:49:02
472,Farmington,36.7281,-108.2187,65.21,67,1,5.75,US,2021-10-03 15:48:11
473,Itarema,-2.9248,-39.9167,88.68,56,2,20.51,BR,2021-10-03 15:49:02
474,Miles City,46.4083,-105.8406,52.77,50,1,8.05,US,2021-10-03 15:49:03
475,Spas-Demensk,54.4122,34.0226,44.98,79,100,4.23,RU,2021-10-03 15:49:03
476,Banda Aceh,5.5577,95.3222,79.77,80,54,5.99,ID,2021-10-03 15:49:03
477,Outjo,-20.1167,16.15,84.47,4,0,13.02,NA,2021-10-03 15:49:04
478,Huntsville,34.7304,-86.5861,72.34,96,90,1.99,US,2021-10-03 15:45:37
479,Xining,36.6167,101.7667,37.58,94,100,2.06,CN,2021-10-03 15:46:59
480,Zorritos,-3.6805,-80.6782,75.49,69,32,8.03,PE,2021-10-03 15:49:04
481,Condado,21.8767,-79.8403,84.36,62,37,9.71,CU,2021-10-03 15:49:05
482,Tubuala,9.5167,-79.0333,89.33,76,50,8.23,PA,2021-10-03 15:49:05
483,Berekum,7.4534,-2.584,84.83,72,38,3.49,GH,2021-10-03 15:49:05
484,Bang Saphan,11.2126,99.5117,76.64,93,55,4.7,TH,2021-10-03 15:49:06
485,Sept-Iles,50.2001,-66.3821,52.32,62,75,6.91,CA,2021-10-03 15:46:02
486,Mwinilunga,-11.7358,24.4293,68.04,67,60,4.76,ZM,2021-10-03 15:49:06
487,Tezu,27.9167,96.1667,76.66,89,87,2.42,IN,2021-10-03 15:49:06
488,Oussouye,12.485,-16.5469,93.38,62,82,8.7,SN,2021-10-03 15:49:07
489,Hailey,43.5196,-114.3153,42.66,45,1,11.5,US,2021-10-03 15:49:07
490,Salisbury,51.0693,-1.7957,60.46,72,40,21.85,GB,2021-10-03 15:45:30
491,Darhan,49.4867,105.9228,36.68,74,21,1.7,MN,2021-10-03 15:49:08
492,Linjiang,41.8069,126.9078,60.21,99,100,3.04,CN,2021-10-03 15:49:08
493,Guamuchil,25.4667,-108.1,80.74,60,100,1.95,MX,2021-10-03 15:49:08
494,Chicama,-7.8447,-79.1469,72.48,61,54,9.19,PE,2021-10-03 15:49:09
495,Vilani,56.5525,26.9245,50.49,67,92,11.54,LV,2021-10-03 15:49:09
496,Sidi Ali,36.0998,0.4206,72.39,61,49,14.94,DZ,2021-10-03 15:49:09
497,Vila Franca Do Campo,37.7167,-25.4333,72.01,71,94,3.74,PT,2021-10-03 15:49:10
498,Khromtau,50.2503,58.4347,46.96,51,100,9.44,KZ,2021-10-03 15:49:10
499,Cessnock,-32.8333,151.35,65.97,87,96,1.86,AU,2021-10-03 15:49:10
500,Yasnogorsk,54.4803,37.6975,43.9,67,80,6.26,RU,2021-10-03 15:49:11
501,Cabedelo,-6.9811,-34.8339,86.67,59,25,16.42,BR,2021-10-03 15:49:11
502,Tabou,4.423,-7.3528,80.2,79,100,7.7,CI,2021-10-03 15:49:11
503,Salinas,36.6777,-121.6555,80.04,69,1,9.22,US,2021-10-03 15:49:12
504,Semey,50.4111,80.2275,41.22,70,0,8.95,KZ,2021-10-03 15:49:12
505,Kashi,39.4547,75.9797,61.81,29,90,11.18,CN,2021-10-03 15:49:12
506,Riyadh,24.6877,46.7219,96.94,10,91,6.91,SA,2021-10-03 15:47:02
507,Eureka,40.8021,-124.1637,52.41,70,65,3.22,US,2021-10-03 15:49:01
508,Speightstown,13.25,-59.65,90.21,70,62,19.91,BB,2021-10-03 15:49:13
509,Kiruna,67.8557,20.2251,43.72,87,75,14.97,SE,2021-10-03 15:49:13
510,Islahiye,37.025,36.6306,80.38,61,0,7.52,TR,2021-10-03 15:49:14
511,Ancud,-41.8697,-73.8203,49.53,69,57,10.78,CL,2021-10-03 15:49:14
512,Krasnyye Chetai,55.6887,46.1386,45.93,88,100,4.03,RU,2021-10-03 15:49:14
513,Ponta Delgada,37.7333,-25.6667,72.32,83,75,5.75,PT,2021-10-03 15:45:59
514,Bowen,-20.0167,148.2333,73.62,94,8,6.69,AU,2021-10-03 15:49:15
515,Andros Town,24.7,-77.7667,85.96,65,17,17.2,BS,2021-10-03 15:49:15
516,Ailigandi,9.2333,-78.0167,83.16,80,26,6.73,PA,2021-10-03 15:49:15
517,Tautira,-17.7333,-149.15,73.42,76,9,9.28,PF,2021-10-03 15:49:16
518,Te Anau,-45.4167,167.7167,46.0,98,100,3.94,NZ,2021-10-03 15:49:16
519,Bundi,25.4417,75.6417,85.06,65,100,5.95,IN,2021-10-03 15:49:16
520,Los Alamos,35.8881,-106.307,60.13,63,1,1.99,US,2021-10-03 15:49:17
521,Skjervoy,70.0311,20.9714,55.4,74,100,14.43,NO,2021-10-03 15:49:17
522,Angoche,-16.2325,39.9086,78.64,77,5,20.45,MZ,2021-10-03 15:49:17
523,Cascais,38.6979,-9.4215,71.46,55,20,8.99,PT,2021-10-03 15:49:18
524,Kiama,-34.6833,150.8667,64.38,73,81,5.95,AU,2021-10-03 15:49:18
525,Shubarkuduk,49.1447,56.4872,51.57,59,100,5.75,KZ,2021-10-03 15:49:19
526,Tilichiki,60.4667,166.1,37.89,94,100,14.92,RU,2021-10-03 15:49:19
527,Ugoofaaru,5.6667,73.0,82.92,76,4,17.07,MV,2021-10-03 15:49:19
528,Chernogorsk,53.8236,91.2842,27.97,80,99,2.24,RU,2021-10-03 15:49:20
529,Laela,-8.5667,32.05,76.64,32,100,4.47,TZ,2021-10-03 15:49:20
530,Medea,36.2642,2.7539,70.25,42,0,7.4,DZ,2021-10-03 15:49:20
531,Kletskaya,49.3145,43.0584,52.84,40,1,7.67,RU,2021-10-03 15:49:21
532,Egvekinot,66.3167,-179.1667,23.77,97,100,2.44,RU,2021-10-03 15:49:21
533,Port Blair,11.6667,92.75,80.65,82,50,5.57,IN,2021-10-03 15:49:22
534,Tabuk,17.4189,121.4443,74.52,94,94,2.35,PH,2021-10-03 15:49:22
535,Markova,48.6758,24.4138,60.39,58,9,5.08,UA,2021-10-03 15:49:22
536,Tres Arroyos,-38.3739,-60.2798,55.4,38,4,18.23,AR,2021-10-03 15:49:23
537,Pishin,30.5803,66.9961,68.97,18,3,7.92,PK,2021-10-03 15:49:23
538,Okakarara,-20.5833,17.4333,84.97,5,0,13.24,NA,2021-10-03 15:49:23
539,Sangar,63.9242,127.4739,27.68,84,10,5.48,RU,2021-10-03 15:49:24
540,Sibi,29.5448,67.8764,96.17,28,40,3.98,PK,2021-10-03 15:49:24
541,Naryan-Mar,67.6713,53.087,38.17,92,85,11.23,RU,2021-10-03 15:49:24
542,Jinxiang,27.4327,120.6062,77.34,76,95,4.27,CN,2021-10-03 15:49:25
543,Topolobampo,25.6,-109.05,80.06,59,100,3.36,MX,2021-10-03 15:49:25
544,Metlika,45.6472,15.3142,73.29,71,1,4.97,SI,2021-10-03 15:49:25
545,Cambridge,43.3601,-80.3127,67.82,98,90,6.91,CA,2021-10-03 15:46:36
546,Seoul,37.5683,126.9778,67.44,88,0,2.3,KR,2021-10-03 15:49:26
547,Palimbang,6.2106,124.1894,77.56,86,100,2.62,PH,2021-10-03 15:49:26
548,Enumclaw,47.2043,-121.9915,54.7,93,99,1.01,US,2021-10-03 15:49:26
549,Chesterville,44.5512,-70.0862,55.98,94,100,1.7,US,2021-10-03 15:49:27
550,Darnah,32.767,22.6367,71.02,64,5,18.81,LY,2021-10-03 15:49:27
551,Akonolinga,3.7667,12.25,74.61,92,100,1.21,CM,2021-10-03 15:49:28
552,Fochville,-26.4886,27.4939,74.12,11,0,9.64,ZA,2021-10-03 15:49:28
553,Hay River,60.8156,-115.7999,39.18,60,47,11.5,CA,2021-10-03 15:44:01
